{
  "tool": "beads",
  "count": 1000,
  "cold_runs": 1,
  "warm_runs": 20,
  "ops": {
    "list_open": {
      "cold_ms": 76.08037500000364,
      "warm_ms": [
        69.99508399999854,
        73.06624999999656,
        72.43379199999822,
        72.95766699999717,
        71.65237499999932,
        73.96837500000686,
        72.21299999999076,
        71.80554199999278,
        71.95975000000487,
        73.6247910000003,
        73.597833000008,
        70.24612499999705,
        67.63841699999773,
        72.1451250000058,
        85.58650000000512,
        76.21974999999281,
        71.62112500000717,
        73.81437499999777,
        71.28654199999573,
        77.53279099999588
      ]
    },
    "list_label": {
      "cold_ms": 71.75458400000423,
      "warm_ms": [
        67.7398750000009,
        67.24820800000941,
        69.50666699999886,
        66.94729200000893,
        68.17445800000144,
        66.06850000000009,
        63.98012499998629,
        65.27270800000906,
        64.96920799999373,
        67.51537499999927,
        68.6036249999944,
        70.3525830000018,
        66.3362500000062,
        81.64908300000207,
        67.98312499999781,
        64.98641700000007,
        65.92604200000096,
        65.07537500000637,
        68.64337500000772,
        64.62012499999048
      ]
    },
    "list_label_any": {
      "cold_ms": 64.28437499999973,
      "warm_ms": [
        62.881250000003774,
        61.463500000002114,
        61.19074999999441,
        63.550958999996965,
        67.37595799999951,
        67.05704100001242,
        65.43395799999985,
        67.544500000011,
        67.94004199998938,
        66.80870799999639,
        66.74854199999913,
        67.08233300000188,
        67.56612499999903,
        67.66979200000378,
        67.96812499999305,
        67.3946250000057,
        63.48629200000744,
        66.40525000000252,
        64.75937499999418,
        63.84737500000881
      ]
    },
    "list_title_contains": {
      "cold_ms": 66.43383300000494,
      "warm_ms": [
        66.64933300000087,
        67.80879200000811,
        63.65025000000912,
        71.37545799999145,
        66.20770899999684,
        65.5070410000036,
        67.64762499999222,
        69.28179199999818,
        66.33608300001015,
        70.34229199999231,
        67.42487500000038,
        65.7983330000036,
        65.52508400000079,
        71.13550000001112,
        66.08579199999554,
        67.13054200000101,
        66.59354200000678,
        67.72312500000055,
        66.25124999999343,
        67.7153750000059
      ]
    },
    "list_desc_contains": {
      "cold_ms": 66.16783300000861,
      "warm_ms": [
        66.97458300000392,
        65.41745900000251,
        65.50591699999586,
        63.21495899999263,
        63.637166999996,
        63.77595799999369,
        64.08974999999373,
        63.12033300000053,
        66.02345800000364,
        64.04874999999777,
        65.46058300000368,
        66.39833299999509,
        70.78458299999113,
        67.04320800000119,
        68.52987499999585,
        72.87516600000288,
        68.73166599999081,
        67.12116699999626,
        67.73016699999346,
        64.63645800000961
      ]
    },
    "list_notes_contains": {
      "cold_ms": 66.1707919999941,
      "warm_ms": [
        66.08670800000027,
        64.44541700000173,
        64.62550000000533,
        63.02379199999564,
        61.54504099998803,
        64.26595899999654,
        65.67624999999566,
        64.99325000000056,
        67.14591700000483,
        70.34199999999657,
        69.35983400001078,
        65.76866700000039,
        66.60987499999749,
        68.05712500000993,
        90.31137499999886,
        70.16245800001286,
        65.13504199999431,
        66.80566600000759,
        63.63508400001194,
        73.1552919999956
      ]
    },
    "ready": {
      "cold_ms": 82.17799999999897,
      "warm_ms": [
        68.7572920000008,
        68.46425000000522,
        68.58641699999168,
        67.92512500000214,
        65.99249999999302,
        62.30400000001168,
        63.9518330000044,
        63.80495800000574,
        71.15650000000073,
        78.15187499998899,
        68.86304100000018,
        68.51791700000831,
        66.93704100000275,
        64.40433299999881,
        65.05987500000288,
        79.68983400000695,
        71.61979100000337,
        69.69483399998921,
        69.15554200000429,
        69.89825000000849
      ]
    },
    "create": {
      "cold_ms": 93.27591699999971,
      "warm_ms": [
        91.3427079999991,
        90.85616699999832,
        89.67791599999941,
        87.73387499999785,
        83.3721249999968,
        81.50716699999805,
        96.70045800000082,
        89.75041700000475,
        93.35091699999509,
        91.96708300000012,
        90.76129199999627,
        90.26983299999358,
        122.1022919999939,
        102.31375000000753,
        94.03529200000094,
        90.9950829999957,
        87.11604200000522,
        88.09604199998944,
        85.99966699999584,
        90.48595900000578
      ]
    },
    "update": {
      "cold_ms": 67.45037500000706,
      "warm_ms": [
        67.34670800000231,
        66.8778330000066,
        66.37862499999869,
        68.14587499999902,
        68.66241699999875,
        70.55966599999408,
        68.19637499999942,
        69.31354200000328,
        69.39379199999962,
        67.4180419999999,
        65.36916700000006,
        69.87366600000655,
        65.50724999999602,
        66.59737500000062,
        68.2815409999904,
        68.68325000000652,
        67.44870800000058,
        69.06312499999956,
        67.04466700000467,
        68.91412500000627
      ]
    },
    "note": {
      "cold_ms": 65.27737500000796,
      "warm_ms": [
        65.17495800000006,
        167.90120899999295,
        74.88854200001072,
        67.24337499998967,
        66.08450000000232,
        66.67937500000676,
        65.17108399999927,
        66.5721670000039,
        68.8689999999923,
        67.9397090000009,
        67.91070799999943,
        71.44645900000057,
        67.68337500000143,
        68.28500000000304,
        70.74354199998822,
        68.49141700000416,
        68.77612499999941,
        73.29841700000372,
        67.2564580000028,
        68.0219160000064
      ]
    }
  }
}