{
  "tool": "beads",
  "count": 1000,
  "cold_runs": 1,
  "warm_runs": 20,
  "ops": {
    "list_open": {
      "cold_ms": 79.84291600000404,
      "warm_ms": [
        71.39570799999717,
        70.20712499999604,
        66.60225000000253,
        67.14412499999867,
        71.8169999999958,
        70.6148330000076,
        74.57283300000483,
        72.72558300000753,
        77.13604199999224,
        85.53729199999793,
        72.51899999999978,
        74.20616699999982,
        72.32249999999851,
        71.56004099999791,
        72.96112500000618,
        68.78737499999943,
        70.04549999999199,
        70.57045899999537,
        70.59066700000471,
        71.26287500000217
      ]
    },
    "list_label": {
      "cold_ms": 68.06683300000316,
      "warm_ms": [
        68.31800000000499,
        65.55579100000841,
        66.71720800000003,
        66.636625000001,
        68.3132909999955,
        68.38104200001283,
        80.9339580000028,
        86.3110420000055,
        70.68416699999602,
        69.08154100000274,
        64.15899999998942,
        67.23045799999738,
        65.27325000000417,
        67.12904199999059,
        67.58308300000238,
        66.50224999999921,
        70.39841699999272,
        70.52037500000097,
        85.03666699999712,
        68.48837500000116
      ]
    },
    "list_label_any": {
      "cold_ms": 68.45270799999525,
      "warm_ms": [
        66.55520900000056,
        65.78537500000436,
        64.80475000000752,
        67.81912499999976,
        64.05729100001167,
        67.00474999999528,
        67.0062500000057,
        66.22295900000097,
        70.22566700000255,
        71.49562500001139,
        67.15779200000327,
        67.46745800001008,
        67.52445800000828,
        66.50645799999211,
        67.97604100000854,
        69.60908399999255,
        70.58358400000486,
        69.18129199999612,
        69.24620799999559,
        75.04804200000592
      ]
    },
    "list_title_contains": {
      "cold_ms": 67.3877090000019,
      "warm_ms": [
        66.53216600000178,
        65.5699169999906,
        65.49466699999584,
        64.44741699999668,
        65.94616599998915,
        68.2581669999962,
        68.55025000000126,
        68.31637500000909,
        67.76825000000031,
        71.00024999999732,
        73.84920799999861,
        68.02066699999898,
        69.06595799999593,
        67.59504200000777,
        71.4084579999934,
        67.05924999999979,
        64.89033300000813,
        70.88245899998924,
        70.74220799999864,
        74.13395899999387
      ]
    },
    "list_desc_contains": {
      "cold_ms": 76.3248749999974,
      "warm_ms": [
        79.12566699999957,
        72.62541699999758,
        67.70779200000732,
        68.98824999998965,
        68.21604099999945,
        66.85612500000104,
        72.2315830000042,
        66.53925000000527,
        68.51962500000752,
        72.74441600000614,
        71.28291600000125,
        68.67295800000761,
        70.03283400000271,
        66.43954199999769,
        68.4750829999956,
        69.33933400000569,
        68.57245800000555,
        69.15575000000729,
        69.92304200001342,
        70.99175000000457
      ]
    },
    "list_notes_contains": {
      "cold_ms": 112.69774999999527,
      "warm_ms": [
        72.89350000000638,
        69.45000000000334,
        69.32916600000283,
        65.32504099999414,
        69.56887500000164,
        73.8231250000041,
        65.94404100000872,
        65.03083299999446,
        64.8180830000058,
        69.19183300000498,
        67.40312499999845,
        77.74708300000555,
        79.5951670000079,
        68.3179579999944,
        67.7218750000037,
        69.66670799999974,
        71.46775000001071,
        68.73474999999019,
        70.90520799999922,
        71.76741700000377
      ]
    },
    "ready": {
      "cold_ms": 74.73591699999815,
      "warm_ms": [
        68.19516699999895,
        68.38199999999972,
        68.11049999998886,
        66.6887499999973,
        66.46191699999804,
        67.70220800000004,
        67.40641700000083,
        68.16499999999337,
        68.719791999996,
        71.27470899999366,
        70.7226670000125,
        72.4437920000014,
        71.43424999999581,
        71.9322089999963,
        70.37666699999079,
        70.9133750000035,
        66.2954170000063,
        67.89625000000399,
        68.02166699999646,
        70.99595799999747
      ]
    },
    "create": {
      "cold_ms": 94.58962499999757,
      "warm_ms": [
        92.76970899999526,
        91.67629200000249,
        87.73050000000637,
        87.68087500000377,
        94.15500000000065,
        90.2261669999973,
        91.86945900000865,
        95.0030000000055,
        91.61991599999908,
        87.83375000000149,
        95.64020899999548,
        90.22329199999035,
        92.21204099999625,
        88.95420799998988,
        92.19820799999923,
        96.909165999989,
        94.01595799999996,
        91.26008300000876,
        89.6384999999924,
        86.71783300000868
      ]
    },
    "update": {
      "cold_ms": 67.02816700000369,
      "warm_ms": [
        65.74012499999071,
        65.88908300000185,
        73.2271250000025,
        67.87925000000428,
        68.7672500000076,
        68.04066700000533,
        66.9452500000034,
        70.67316600000595,
        69.5991670000069,
        71.73608300000467,
        71.61529200000416,
        71.01204100000302,
        68.31595799999945,
        68.79908300000181,
        67.04562499999156,
        66.05408299999738,
        63.97624999999607,
        65.94008300000098,
        66.98983299999384,
        65.96900000000971
      ]
    },
    "note": {
      "cold_ms": 66.42066700000271,
      "warm_ms": [
        66.63162499999942,
        65.62883400000885,
        70.41779099999701,
        69.80299999999318,
        71.26858299999128,
        68.34841699999572,
        66.90141699999685,
        70.22437500000933,
        81.72845800000061,
        68.09212499999262,
        64.89995799999804,
        72.42679200000168,
        67.80137500000194,
        69.75537499999973,
        66.57745799999759,
        69.51491700000645,
        69.38250000000323,
        68.59437499998933,
        69.15100000000507,
        66.891499999997
      ]
    }
  }
}