{
  "tool": "beads",
  "count": 100,
  "cold_runs": 1,
  "warm_runs": 20,
  "ops": {
    "list_open": {
      "cold_ms": 64.42229099999963,
      "warm_ms": [
        60.84366600000024,
        59.29645900000047,
        59.85058299999935,
        59.90395800000137,
        59.144125000001324,
        59.692458999998976,
        76.32516600000017,
        79.00704199999886,
        64.56137500000025,
        59.9967079999999,
        57.2025829999987,
        57.482000000000255,
        56.74875000000057,
        57.16200000000171,
        58.6762089999997,
        59.19587500000034,
        59.23820799999824,
        59.32233300000078,
        59.720125000000124,
        59.363917000000654
      ]
    },
    "ready": {
      "cold_ms": 58.34512499999889,
      "warm_ms": [
        56.86458299999941,
        60.181207999999486,
        59.45408400000041,
        57.400875000000795,
        57.60620899999935,
        58.05087499999928,
        59.2672080000014,
        58.23708300000163,
        59.363000000001165,
        56.571625000000125,
        56.12070799999991,
        59.205000000000396,
        57.95425000000165,
        60.26545799999994,
        57.317665999999434,
        58.53641699999912,
        56.32733300000048,
        58.284916999999936,
        64.18295799999996,
        62.84750000000017
      ]
    },
    "create": {
      "cold_ms": 80.64225000000036,
      "warm_ms": [
        77.83116700000114,
        77.34508400000095,
        75.0951250000007,
        75.04558299999964,
        74.25575000000073,
        76.9359999999999,
        78.40158299999977,
        79.15224999999992,
        78.50220899999982,
        77.51166699999956,
        77.83054099999909,
        78.70991599999932,
        78.04108300000046,
        78.06150000000045,
        80.68804200000024,
        76.22891599999981,
        75.93554199999986,
        74.71829200000002,
        75.44491700000044,
        77.28741699999908
      ]
    },
    "update": {
      "cold_ms": 61.0352909999996,
      "warm_ms": [
        59.477042000001035,
        60.74875000000013,
        57.683625000001015,
        59.252916000000155,
        58.12979100000071,
        58.16041699999985,
        57.99000000000021,
        58.0993749999994,
        57.651040999999736,
        56.970999999998995,
        56.281333000001155,
        57.64708400000096,
        56.9971659999986,
        56.95229200000007,
        56.999709000001175,
        58.79108400000099,
        58.08470800000087,
        62.03724999999949,
        59.149666999999795,
        58.03249999999949
      ]
    },
    "note": {
      "cold_ms": 58.79029200000119,
      "warm_ms": [
        59.06762499999907,
        58.629583000000096,
        57.51624999999905,
        57.48312499999919,
        66.69283300000117,
        69.5987080000009,
        58.35354200000076,
        55.77779200000066,
        57.36883299999995,
        55.43666699999861,
        56.088625000001,
        56.32762499999977,
        74.02324999999976,
        59.21391699999923,
        61.26604099999966,
        56.845292000000214,
        57.90758300000043,
        57.348166999998895,
        57.60887500000145,
        57.08124999999953
      ]
    }
  }
}