{
  "tool": "beads",
  "count": 100,
  "runs": 20,
  "ops": {
    "list_open": [
      56.82645799999975,
      55.81483299999945,
      60.60108400000175,
      79.03570899999934,
      71.00233299999914,
      58.67508299999891,
      64.99491599999985,
      59.14587500000046,
      60.404082999999886,
      60.20962499999882,
      58.99662500000069,
      58.65054200000053,
      59.14691700000141,
      59.00554099999944,
      59.014375000000285,
      57.44795800000091,
      57.321375000000785,
      57.63204199999983,
      56.14662500000023,
      57.162584000000294
    ],
    "ready": [
      57.881041999999994,
      54.66195900000059,
      54.69000000000079,
      54.71008399999988,
      60.71104100000113,
      54.547750000001116,
      54.950708999999875,
      54.668999999998746,
      54.86699999999978,
      54.77895799999999,
      54.9967089999992,
      68.9575419999997,
      58.841334000000245,
      55.38158299999907,
      53.240833000000265,
      54.52050000000064,
      53.444042000000636,
      53.940708000000726,
      55.35474999999934,
      54.87399999999987
    ],
    "create": [
      75.3687499999991,
      74.66216699999961,
      76.06724999999948,
      76.89466599999939,
      79.04654200000039,
      74.1497080000002,
      73.55079100000061,
      74.01854099999916,
      77.16029199999852,
      75.36820800000044,
      71.49595799999986,
      72.7874160000006,
      73.95262500000044,
      76.20133400000029,
      74.21166700000015,
      75.65045800000014,
      73.99204200000042,
      75.28212500000109,
      77.80604200000063,
      74.07145900000067
    ],
    "update": [
      57.12404200000165,
      55.382457999998636,
      56.73337500000031,
      54.883249999999606,
      56.192500000001644,
      54.96762499999974,
      53.66329100000122,
      54.48387499999896,
      55.63870800000004,
      56.139832999999584,
      55.97404200000078,
      55.68033299999975,
      54.76379099999917,
      55.431458000001044,
      56.366374999999636,
      55.573125000000445,
      55.42470800000032,
      55.95308300000035,
      55.44274999999921,
      55.735541000000666
    ],
    "note": [
      55.093999999998644,
      54.473165999999296,
      53.316000000000585,
      54.12224999999893,
      54.305124999999066,
      74.71216700000127,
      56.8282499999988,
      55.5411250000013,
      57.28637499999856,
      56.17487499999996,
      54.69516700000021,
      55.37983400000002,
      54.439790999998294,
      55.74149999999989,
      54.93008300000035,
      54.54025000000051,
      70.71754099999872,
      55.49333399999945,
      54.5324590000007,
      55.16108399999986
    ]
  }
}