{
  "tool": "beads",
  "count": 1000,
  "cold_runs": 1,
  "warm_runs": 20,
  "ops": {
    "list_open": {
      "cold_ms": 65.75979199999438,
      "warm_ms": [
        59.194292000000814,
        59.62445900000546,
        58.19904199999826,
        59.93591699999001,
        70.80570899999827,
        60.5507920000008,
        59.570042000004264,
        58.807834000006665,
        58.48470800000882,
        60.98504199999866,
        60.94016700001248,
        60.9272079999954,
        60.815167000001225,
        60.07279199999971,
        61.03704199999527,
        60.41245900000547,
        60.428625000000125,
        60.15525000000821,
        60.22899999999254,
        60.63658399999383
      ]
    },
    "ready": {
      "cold_ms": 58.66529200000059,
      "warm_ms": [
        57.505582999993976,
        56.72366599999634,
        55.86900000000128,
        56.53262500000267,
        56.28516699999864,
        55.853667000008045,
        58.50704200000223,
        58.23395800000242,
        57.96045800001082,
        57.648249999999734,
        57.937250000009044,
        58.280084000003285,
        57.83687499999246,
        57.6742089999982,
        57.687500000000114,
        61.44100000000208,
        63.389000000000806,
        58.41058299999702,
        57.62299999999243,
        57.52483299998801
      ]
    },
    "create": {
      "cold_ms": 74.58158299999695,
      "warm_ms": [
        73.71666699999935,
        77.54316700000174,
        76.30550000000369,
        76.75383299999794,
        75.26891700000249,
        75.88200000000711,
        75.52358299999185,
        75.76037500000155,
        75.7849169999929,
        75.41583399999752,
        75.18529200000046,
        76.06070799999998,
        72.57566699999529,
        74.24183300000209,
        73.6989159999979,
        76.86441600000649,
        76.11645900000497,
        76.06470900000772,
        75.43216700000244,
        75.39158300001247
      ]
    },
    "update": {
      "cold_ms": 59.07583399999794,
      "warm_ms": [
        56.92987500000868,
        57.49229200000627,
        71.2250420000089,
        57.88124999999411,
        57.96541700000546,
        56.37170900000399,
        54.6816670000112,
        56.896707999996465,
        56.10833400000104,
        58.1242080000095,
        59.99850000000606,
        58.385082999990345,
        57.3539579999931,
        57.094750000004524,
        57.03691600000127,
        57.21541599999114,
        56.394417000007024,
        56.79441700000609,
        57.03945800000554,
        57.98741700000676
      ]
    },
    "note": {
      "cold_ms": 56.89579200000594,
      "warm_ms": [
        56.959542000001306,
        56.8021659999971,
        55.48920799999735,
        55.87825000000635,
        56.54170799999747,
        54.71312499999215,
        56.08066700000336,
        57.709917000011046,
        57.251042000004304,
        56.2654579999986,
        57.1805830000045,
        56.930459000000155,
        56.641374999998106,
        56.68783299999802,
        56.213083999992364,
        56.401833999998985,
        57.770666999999776,
        56.53979200000947,
        57.81195800000205,
        57.2684579999958
      ]
    }
  }
}