{
  "tool": "tick",
  "count": 1000,
  "cold_runs": 1,
  "warm_runs": 20,
  "ops": {
    "list_open": {
      "cold_ms": 89.43375000000131,
      "warm_ms": [
        37.990291999999926,
        37.055958999999916,
        38.162249999999176,
        36.92695799999868,
        35.92487499999919,
        36.50041599999909,
        38.55104199999815,
        41.016583000001106,
        40.88162500000081,
        35.583082999998794,
        35.621541999997675,
        35.69754199999764,
        36.25391599999972,
        36.644083999998855,
        36.47154200000102,
        37.32679100000169,
        36.15145799999908,
        35.6292499999995,
        36.61141599999951,
        36.85629099999943
      ]
    },
    "list_label": {
      "cold_ms": 35.12154200000239,
      "warm_ms": [
        35.32729200000162,
        38.03670799999992,
        34.35395800000052,
        33.820249999998,
        34.249750000000745,
        34.87216699999962,
        34.81458299999929,
        34.0939579999997,
        35.325875000001616,
        36.21337500000266,
        35.67762499999816,
        36.50637500000187,
        35.659166000002074,
        35.59308300000197,
        35.888124999999604,
        35.78379200000015,
        34.64024999999893,
        34.852875000002115,
        35.417875000000265,
        34.35624999999831
      ]
    },
    "list_label_any": {
      "cold_ms": 34.89295800000036,
      "warm_ms": [
        35.57933300000116,
        36.82124999999914,
        34.888499999997435,
        35.734959000002675,
        34.02591699999746,
        34.52237500000166,
        34.41483299999959,
        36.5359579999982,
        38.87629199999765,
        34.96125000000205,
        33.28862500000085,
        33.382457999998394,
        33.33833399999975,
        33.810249999998376,
        34.125208999999046,
        34.28441599999843,
        34.02237499999927,
        35.25870800000064,
        37.692208000002836,
        35.75645900000168
      ]
    },
    "list_title_contains": {
      "cold_ms": 37.14812499999809,
      "warm_ms": [
        36.35016700000193,
        39.506833000000796,
        42.146999999999935,
        35.30529100000024,
        34.72775000000183,
        34.88233399999885,
        36.10029100000034,
        42.649041000000665,
        61.57587499999906,
        41.20583299999936,
        38.191541999999856,
        34.92583299999907,
        46.49412499999883,
        38.19370900000152,
        36.458708000001394,
        36.844709000000364,
        35.924040999997686,
        35.46729199999987,
        35.116291999997884,
        34.426791000001344
      ]
    },
    "list_desc_contains": {
      "cold_ms": 33.78954200000095,
      "warm_ms": [
        34.50870800000061,
        34.05433300000027,
        34.0212909999984,
        33.59362500000174,
        33.61474999999814,
        36.736124999997344,
        35.638458000001094,
        35.38304199999942,
        36.81329199999794,
        34.88591600000035,
        34.886500000002485,
        36.93937499999933,
        35.71224999999956,
        34.61354100000236,
        34.986625000001936,
        42.770792000002444,
        37.03462500000043,
        36.62383300000016,
        35.411749999997966,
        38.29566699999987
      ]
    },
    "list_notes_contains": {
      "cold_ms": 35.69299999999842,
      "warm_ms": [
        35.268583000000575,
        36.37379200000268,
        35.74029199999984,
        34.77287500000159,
        35.645709000000636,
        34.9368750000032,
        34.03083300000276,
        34.060707999998385,
        33.91683299999926,
        34.007834000000514,
        34.00204099999726,
        34.67612499999717,
        35.99862499999773,
        35.460875000001835,
        37.08508400000099,
        37.62624999999886,
        35.99979200000192,
        35.79137500000229,
        36.159874999999175,
        36.27158300000133
      ]
    },
    "ready": {
      "cold_ms": 40.63766599999852,
      "warm_ms": [
        36.56820799999849,
        35.6675839999987,
        36.28274999999803,
        34.487583000000654,
        34.69845800000115,
        35.06395800000206,
        34.897541999999504,
        34.89308300000005,
        34.78937499999901,
        36.20354099999901,
        34.673749999999615,
        35.46191699999923,
        35.5789580000021,
        39.28504099999941,
        35.87808300000006,
        34.524167000000716,
        34.735665999999554,
        35.09400000000085,
        35.16245899999859,
        34.699332999998944
      ]
    },
    "create": {
      "cold_ms": 15.75379200000171,
      "warm_ms": [
        14.569790999999555,
        15.404207999999642,
        14.676542000000126,
        15.160208000001063,
        15.779916999999699,
        16.01162499999731,
        15.702250000000362,
        17.524500000000387,
        15.999666999999107,
        15.327792000000784,
        15.551541999997198,
        14.725291000001306,
        15.871250000000003,
        15.445208999999238,
        16.30554200000134,
        14.966333000000276,
        16.009832999998252,
        15.330957999999839,
        15.534084000002224,
        15.11595899999918
      ]
    },
    "update": {
      "cold_ms": 27.811959000000996,
      "warm_ms": [
        26.482500000000186,
        26.644665999999262,
        30.258459000002347,
        27.11374999999805,
        26.11479200000133,
        28.154499999999416,
        26.636541999998542,
        26.400499999997606,
        27.26787499999972,
        25.923791000000307,
        28.305415999998473,
        25.752624999999085,
        27.4334579999973,
        27.33162499999864,
        26.194874999998063,
        26.810708999999378,
        26.223166000001186,
        27.24604200000158,
        27.8108330000002,
        26.03600000000128
      ]
    },
    "note": {
      "cold_ms": 25.482207999999673,
      "warm_ms": [
        24.535290999999404,
        26.02958299999969,
        25.885249999998194,
        25.22300000000044,
        24.928333999998387,
        26.372416999997483,
        25.472624999999027,
        26.130542000000645,
        25.031916999999737,
        26.95258299999992,
        27.60154099999923,
        28.29591599999759,
        26.507500000001016,
        27.530500000001012,
        27.926292000000075,
        27.563208000000117,
        27.523916999999898,
        27.11716700000011,
        27.062999999998283,
        28.012374999999423
      ]
    }
  }
}