{
  "tool": "tick",
  "count": 1000,
  "cold_runs": 1,
  "warm_runs": 20,
  "ops": {
    "list_open": {
      "cold_ms": 82.07916599999976,
      "warm_ms": [
        33.25845899999891,
        31.80758400000272,
        31.93249999999992,
        32.36437500000022,
        31.847000000002623,
        31.305333999998908,
        31.583667000003146,
        31.455375000000174,
        32.58333299999805,
        32.78337500000106,
        33.114708999999465,
        37.63474999999872,
        36.96383399999803,
        33.01212499999906,
        32.308791999998476,
        32.44208399999948,
        32.37833300000048,
        32.4486670000006,
        32.873667000000495,
        33.031083000000905
      ]
    },
    "ready": {
      "cold_ms": 31.533374999998642,
      "warm_ms": [
        31.84579200000215,
        31.695375000001746,
        32.037542000001196,
        31.77379199999919,
        32.49404199999972,
        32.11454200000219,
        31.779124999999908,
        31.747792000000885,
        31.698291999997963,
        31.834625000001893,
        31.749167000000966,
        31.493500000003394,
        31.311708000000493,
        31.27229200000059,
        31.84891699999781,
        31.146500000001964,
        31.271707999998455,
        31.252500000000794,
        31.44475000000213,
        32.595832999998464
      ]
    },
    "create": {
      "cold_ms": 13.7278330000008,
      "warm_ms": [
        13.5754590000019,
        13.6904169999994,
        13.352915999998771,
        13.593000000000188,
        13.84941699999942,
        13.150917000000817,
        13.829875000002545,
        13.580583000003088,
        13.672374999998738,
        13.252957999998927,
        13.471375000001728,
        13.640332999997895,
        13.148417000000023,
        13.384125000001745,
        13.317499999999427,
        13.28641599999969,
        13.388167000002227,
        13.19916699999979,
        13.234290999999843,
        13.470791999999676
      ]
    },
    "update": {
      "cold_ms": 23.087792000001883,
      "warm_ms": [
        22.160542000001726,
        23.09266600000015,
        22.85554200000206,
        22.67612500000027,
        22.63849999999934,
        23.115999999998138,
        22.716374999998123,
        22.992249999997938,
        22.743750000000063,
        22.446165999998158,
        22.76249999999891,
        22.75412500000229,
        22.704165999996917,
        22.914749999998207,
        22.511957999999055,
        22.510290999999683,
        22.628125000000665,
        22.37133300000238,
        22.43079199999798,
        21.832916000001035
      ]
    },
    "note": {
      "cold_ms": 21.94950000000162,
      "warm_ms": [
        22.003500000000287,
        22.808583999999854,
        23.030375000001158,
        21.871541999999522,
        22.205458999998484,
        21.825542000001974,
        22.214292000001024,
        22.22474999999946,
        21.955209000001474,
        24.274500000000643,
        22.981042000001395,
        22.852458999999214,
        23.307125000002316,
        22.93549999999911,
        22.47658299999955,
        22.96883300000019,
        23.039166000000222,
        23.176333999998633,
        22.56529199999946,
        22.512167000002137
      ]
    }
  }
}