{
  "tool": "tick",
  "count": 1000,
  "cold_runs": 1,
  "warm_runs": 20,
  "ops": {
    "list_open": {
      "cold_ms": 95.62304099999963,
      "warm_ms": [
        34.373792000000236,
        34.45595800000234,
        34.69116599999822,
        36.13791700000135,
        35.90641599999955,
        37.6415829999992,
        37.23641599999894,
        37.343500000002194,
        37.30387499999921,
        36.82308300000159,
        37.75983300000263,
        35.27591699999988,
        35.59824999999961,
        35.996791999998834,
        35.9339580000011,
        36.19704200000129,
        36.00045800000018,
        36.299791000001136,
        35.97887500000141,
        39.02987500000066
      ]
    },
    "list_label": {
      "cold_ms": 36.030416999999204,
      "warm_ms": [
        39.20404199999794,
        42.973207999999374,
        39.381125000002015,
        36.73333300000081,
        35.52533300000249,
        36.56320800000046,
        33.922125000000136,
        35.00754099999881,
        34.37308300000197,
        34.64133299999972,
        36.1274999999992,
        34.579833000002225,
        35.54216599999904,
        36.641708000001216,
        36.7235000000008,
        35.838333000000944,
        37.67516699999973,
        36.19629199999963,
        36.16245799999973,
        35.587875000000935
      ]
    },
    "list_label_any": {
      "cold_ms": 35.95341699999821,
      "warm_ms": [
        35.09675000000101,
        35.7351250000022,
        35.15737500000071,
        37.32849999999743,
        37.62508300000178,
        36.64395899999917,
        36.92045800000088,
        35.702582999999066,
        35.249458000002676,
        37.52983399999721,
        34.75829199999936,
        34.56625000000102,
        33.23841699999974,
        34.205999999997516,
        35.67641700000124,
        37.376375000000905,
        32.96808300000009,
        34.373459000001105,
        35.22208400000082,
        34.56387499999991
      ]
    },
    "list_title_contains": {
      "cold_ms": 34.794542000000206,
      "warm_ms": [
        35.352791999997635,
        35.50062500000095,
        36.45966699999903,
        35.81624999999988,
        36.46608399999707,
        38.06274999999815,
        35.701917000000805,
        36.45674999999926,
        36.193790999998754,
        40.75029199999847,
        37.72775000000195,
        37.56420899999924,
        36.453333999997284,
        35.63158399999722,
        89.52458299999932,
        39.77179200000336,
        37.87329200000045,
        38.914667000000236,
        35.39704099999952,
        35.19966699999699
      ]
    },
    "list_desc_contains": {
      "cold_ms": 36.65029099999728,
      "warm_ms": [
        34.51437500000054,
        36.07337500000085,
        35.654292000000254,
        47.056708999999586,
        36.48724999999686,
        34.641958999998224,
        34.33416600000072,
        34.00449999999822,
        33.77000000000052,
        35.477291999999494,
        36.50341700000226,
        36.558040999999264,
        35.490750000001015,
        35.81629099999972,
        35.188375000000605,
        35.026125000001684,
        35.29999999999944,
        35.96712500000265,
        37.29608399999762,
        34.44958299999712
      ]
    },
    "list_notes_contains": {
      "cold_ms": 34.509916999997614,
      "warm_ms": [
        37.099582999999825,
        34.84650000000045,
        34.445292000000904,
        34.85304199999817,
        35.94754099999875,
        37.594832999999994,
        35.42554100000217,
        36.513624999997774,
        36.67675000000159,
        36.89224999999752,
        40.0137909999998,
        37.77195900000052,
        33.74279200000174,
        34.16349999999824,
        34.698500000001076,
        35.05262499999873,
        36.30529200000154,
        34.42324999999968,
        35.36504199999868,
        36.24216700000105
      ]
    },
    "ready": {
      "cold_ms": 35.90529199999892,
      "warm_ms": [
        35.59162499999857,
        36.27704200000181,
        36.88879099999909,
        36.120541999999034,
        38.22120899999959,
        37.41362499999923,
        36.50299999999973,
        35.84712500000009,
        35.40916600000088,
        34.95908400000047,
        36.83499999999995,
        34.841209000003204,
        34.52245800000142,
        34.875291999998836,
        36.75433299999753,
        35.11595899999875,
        35.771707999998625,
        37.070582999998436,
        36.88858299999964,
        35.2553329999985
      ]
    },
    "create": {
      "cold_ms": 16.599082999999126,
      "warm_ms": [
        16.012792000001497,
        17.350084000000265,
        16.450207999998412,
        16.476875000002167,
        15.881709000002076,
        16.211375000001027,
        14.969874999998467,
        14.51366699999923,
        15.109834000000433,
        15.625207999999446,
        15.577959000001584,
        14.738499999999988,
        15.133999999999759,
        14.307500000001028,
        16.264916000000795,
        15.348624999997895,
        16.232957999999797,
        15.931625000000338,
        17.639874999996863,
        16.462624999999065
      ]
    },
    "update": {
      "cold_ms": 29.20783399999749,
      "warm_ms": [
        26.327459000000886,
        27.309709000000737,
        28.93508300000036,
        27.428375000003058,
        27.49466699999914,
        29.49050000000142,
        26.26795799999826,
        27.45725000000121,
        27.878125000000864,
        26.39679199999989,
        26.792125000000055,
        26.461457999999993,
        26.955957999998503,
        26.54062500000265,
        27.34724999999827,
        27.31408400000035,
        27.164958000000183,
        26.3812080000001,
        27.17804199999918,
        26.394917000001072
      ]
    },
    "note": {
      "cold_ms": 28.196999999998695,
      "warm_ms": [
        27.685500000000474,
        27.30879100000294,
        27.173459000000122,
        27.13870800000251,
        25.784292000000875,
        24.59837500000006,
        26.861207999999692,
        24.4191669999978,
        25.855250000002883,
        24.95020799999992,
        26.297292000002415,
        25.507791999999085,
        25.53887499999874,
        25.17408299999957,
        29.287541999998723,
        26.687750000000676,
        29.75637500000161,
        28.255665999999735,
        26.76133299999961,
        27.673832999997927
      ]
    }
  }
}