{
  "tool": "tick",
  "count": 100,
  "runs": 20,
  "ops": {
    "list_open": [
      16.06437500000002,
      37.46591700000002,
      20.697084000000032,
      16.462874999999766,
      16.291540999999743,
      15.916792000000068,
      16.324207999999896,
      15.864249999999913,
      16.53958299999969,
      27.07483299999991,
      21.627083999999908,
      16.920832999999913,
      16.173874999999782,
      16.283958999999903,
      16.05741699999985,
      16.58204200000002,
      16.61487500000014,
      16.332915999999642,
      16.19841700000002,
      16.452832999999778
    ],
    "ready": [
      16.329792000000065,
      17.226833000000052,
      16.34224999999967,
      16.273082999999744,
      16.46695900000017,
      16.09583300000006,
      16.68925000000021,
      16.065459000000004,
      15.135459000000129,
      15.433666999999929,
      15.683416999999977,
      162.67870800000006,
      17.16258299999973,
      17.076791000000036,
      16.495791000000093,
      16.838832999999997,
      16.014957999999968,
      16.81270800000023,
      16.013249999999868,
      17.062375000000074
    ],
    "create": [
      14.04445799999987,
      14.768042000000037,
      14.219624999999958,
      14.321124999999935,
      14.341750000000264,
      15.311375000000016,
      16.475250000000052,
      13.872250000000363,
      15.098333000000075,
      13.588125000000062,
      14.536000000000104,
      13.929291999999815,
      13.664916000000193,
      15.091332999999985,
      13.627708999999655,
      14.646875000000392,
      13.686625000000063,
      13.992457999999708,
      14.08341600000007,
      13.764207999999556
    ],
    "update": [
      23.661749999999593,
      25.033540999999992,
      23.737082999999437,
      23.696166999999768,
      23.404959000000503,
      25.28320800000028,
      22.886290999999837,
      24.281291000000316,
      23.35900000000013,
      24.160499999999807,
      23.92779200000028,
      22.508625000000393,
      24.891541999999767,
      24.086459000000282,
      28.458791999999455,
      35.838625000000235,
      31.687958000000016,
      24.008875000000707,
      35.70837500000046,
      40.14133300000022
    ],
    "note": [
      39.98325000000058,
      46.39266700000011,
      31.660250000000723,
      25.188500000000502,
      24.497667000000334,
      24.63754199999979,
      23.9554170000007,
      23.620916999999686,
      24.296625000000738,
      24.045958999999506,
      23.778708000000037,
      24.81949999999955,
      24.33287499999981,
      23.571542,
      23.98954199999981,
      24.314291999999682,
      23.546875000000078,
      23.42912499999983,
      23.10316700000037,
      24.349749999999837
    ]
  }
}