{
  "tool": "tick",
  "count": 100,
  "cold_runs": 1,
  "warm_runs": 20,
  "ops": {
    "list_open": {
      "cold_ms": 17.950541000000264,
      "warm_ms": [
        17.088208999999743,
        16.155416999999783,
        16.069083999999734,
        15.773542000000251,
        15.94133299999978,
        16.23708300000004,
        15.959082999999818,
        15.83866700000014,
        16.40883300000029,
        16.300624999999958,
        15.719708000000221,
        15.925957999999962,
        15.670791999999878,
        16.238417000000283,
        15.884291999999967,
        16.27516600000023,
        15.67645899999981,
        16.499624999999796,
        16.077124999999803,
        16.434792000000087
      ]
    },
    "ready": {
      "cold_ms": 15.729416999999746,
      "warm_ms": [
        16.141415999999964,
        15.551417000000178,
        15.360041000000102,
        15.90504199999998,
        15.638957999999814,
        16.022416999999844,
        18.604167000000338,
        16.564041999999723,
        16.64249999999967,
        15.533499999999645,
        16.128708000000103,
        16.574666999999987,
        16.084207999999656,
        17.056249999999995,
        17.02400000000015,
        16.08766699999986,
        16.610082999999776,
        14.926374999999936,
        15.732999999999997,
        15.36187499999997
      ]
    },
    "create": {
      "cold_ms": 14.080582999999702,
      "warm_ms": [
        13.836625000000158,
        14.352833000000231,
        13.730832999999887,
        13.390375000000176,
        13.877958999999773,
        13.645291999999642,
        14.267290999999904,
        13.67208299999989,
        13.537791999999715,
        13.561332999999731,
        13.272916999999662,
        14.196833000000186,
        13.72570900000003,
        14.135958000000226,
        13.834709000000167,
        14.43337499999986,
        14.247458999999907,
        14.368957999999932,
        14.039082999999675,
        14.26391700000007
      ]
    },
    "update": {
      "cold_ms": 23.90033299999983,
      "warm_ms": [
        24.690582999999933,
        23.56641599999998,
        23.272375000000345,
        23.883083000000305,
        23.615166999999992,
        23.585999999999885,
        24.02404200000019,
        23.267415999999486,
        23.16241699999999,
        23.93908300000014,
        25.257457999999566,
        22.948958999999824,
        23.348541999999917,
        24.134541999999648,
        23.39395799999977,
        23.02908299999995,
        23.575000000000124,
        23.905415999999846,
        23.473959000000377,
        23.805708999999453
      ]
    },
    "note": {
      "cold_ms": 23.765458999999822,
      "warm_ms": [
        23.718833000000217,
        24.32245899999952,
        24.179583999999643,
        25.24787499999981,
        24.192292000000393,
        23.690166999999818,
        23.140999999999856,
        23.017208999999816,
        23.618040999999756,
        23.076333999999754,
        23.420666999999895,
        23.691084000000195,
        23.43770899999953,
        23.139291999999756,
        23.733458000000596,
        24.9498749999999,
        25.85700000000024,
        24.116333000000267,
        24.967334000000285,
        25.85095900000045
      ]
    }
  }
}